{"cameraMode":{"drawMode":0,"name":"Shaded","section":"Shading Mode"},"sceneLighting":false,"audioPlay":false,"sceneViewState":{"m_AlwaysRefresh":false,"showFog":true,"showSkybox":true,"showFlares":true,"showImageEffects":true,"showParticleSystems":true,"showVisualEffectGraphs":true,"m_FxEnabled":false},"in2DMode":false,"pivot":{"x":-0.3300100564956665,"y":-3.512557029724121,"z":-4.125602722167969},"rotation":{"x":0.2957378029823303,"y":-0.0005013014888390899,"z":0.00015521129535045475,"w":0.9552697539329529},"size":13.127983093261719,"orthographic":false}